board,對作率%
OTC,3.151874815895163
TSE,11.297674951322872
