mcap_tier,對作率%
小型,0.40072117069192886
中型,6.8424690307831355
大型,27.153435783103752
